[
  {
    "data": [
      {
        "text": "help me",
        "userDefined": false,
        "id": "2cb70143-7111-51c5-a1e0-4bb66f77b1b7"
      }
    ],
    "isTemplate": false,
    "count": 0,
    "updated": 0
  },
  {
    "data": [
      {
        "text": "help",
        "userDefined": false,
        "id": "237d65d9-851c-5816-985a-9ef5b31209cb"
      }
    ],
    "isTemplate": false,
    "count": 0,
    "updated": 0
  },
  {
    "data": [
      {
        "text": "can you help me",
        "userDefined": false,
        "id": "fffe83ef-e0f3-5f71-9f3d-472e12f896c6"
      }
    ],
    "isTemplate": false,
    "count": 0,
    "updated": 0
  }
]