[
  {
    "data": [
      {
        "text": "launch",
        "userDefined": false,
        "id": "22e665b0-9b58-5de8-a611-35941f6b1fb0"
      }
    ],
    "isTemplate": false,
    "count": 0,
    "updated": 0
  },
  {
    "data": [
      {
        "text": "start",
        "userDefined": false,
        "id": "01cc89e3-b6cd-51d9-bfb8-65b742487058"
      }
    ],
    "isTemplate": false,
    "count": 0,
    "updated": 0
  },
  {
    "data": [
      {
        "text": "open",
        "userDefined": false,
        "id": "38c9cf7c-0d5f-5341-92c1-9e8c5a738da2"
      }
    ],
    "isTemplate": false,
    "count": 0,
    "updated": 0
  },
  {
    "data": [
      {
        "text": "begin",
        "userDefined": false,
        "id": "e27b65e7-fa0f-58dd-83ee-9d0dac14a2fa"
      }
    ],
    "isTemplate": false,
    "count": 0,
    "updated": 0
  },
  {
    "data": [
      {
        "text": "restart",
        "userDefined": false,
        "id": "9e9c2718-e850-51cb-8507-96d73654255a"
      }
    ],
    "isTemplate": false,
    "count": 0,
    "updated": 0
  }
]