[
  {
    "data": [
      {
        "text": "no thanks",
        "userDefined": false,
        "id": "3662bc9a-4388-5aa6-a840-26345d803cd5"
      }
    ],
    "isTemplate": false,
    "count": 0,
    "updated": 0
  },
  {
    "data": [
      {
        "text": "nope",
        "userDefined": false,
        "id": "d27ed7fd-d118-59ef-8ad7-ec602ea701dc"
      }
    ],
    "isTemplate": false,
    "count": 0,
    "updated": 0
  },
  {
    "data": [
      {
        "text": "nup",
        "userDefined": false,
        "id": "de986bda-408d-58a2-b5a8-04aaaf278a03"
      }
    ],
    "isTemplate": false,
    "count": 0,
    "updated": 0
  },
  {
    "data": [
      {
        "text": "no",
        "userDefined": false,
        "id": "da154115-6eb5-57c4-9f4b-776f86b562db"
      }
    ],
    "isTemplate": false,
    "count": 0,
    "updated": 0
  },
  {
    "data": [
      {
        "text": "I disagree",
        "userDefined": false,
        "id": "1532a9e0-0437-5bd5-a8f6-7644ccfe65b2"
      }
    ],
    "isTemplate": false,
    "count": 0,
    "updated": 0
  },
  {
    "data": [
      {
        "text": "not really",
        "userDefined": false,
        "id": "2737cec2-01a2-5d5a-9a6a-59357dde7057"
      }
    ],
    "isTemplate": false,
    "count": 0,
    "updated": 0
  },
  {
    "data": [
      {
        "text": "not interested",
        "userDefined": false,
        "id": "65110072-0e44-5a2b-a84f-8027dd6e39ba"
      }
    ],
    "isTemplate": false,
    "count": 0,
    "updated": 0
  },
  {
    "data": [
      {
        "text": "I don't want that",
        "userDefined": false,
        "id": "2c3f1901-3d54-59a2-954b-7b2e35b106cc"
      }
    ],
    "isTemplate": false,
    "count": 0,
    "updated": 0
  },
  {
    "data": [
      {
        "text": "I don't think so",
        "userDefined": false,
        "id": "b028f11b-ea3f-5b74-9f01-460203936cd0"
      }
    ],
    "isTemplate": false,
    "count": 0,
    "updated": 0
  },
  {
    "data": [
      {
        "text": "definitely not",
        "userDefined": false,
        "id": "edc1f1e6-6d34-5312-adf3-f3528bbc1b2b"
      }
    ],
    "isTemplate": false,
    "count": 0,
    "updated": 0
  },
  {
    "data": [
      {
        "text": "don't do it",
        "userDefined": false,
        "id": "21c0eac5-5704-5865-b24c-773b615cb456"
      }
    ],
    "isTemplate": false,
    "count": 0,
    "updated": 0
  }
]