[
  {
    "data": [
      {
        "text": "give me a random drink",
        "userDefined": false,
        "id": "a97a1dd8-6ae1-5e0b-a703-772a937f8f2b"
      }
    ],
    "isTemplate": false,
    "count": 0,
    "updated": 0
  },
  {
    "data": [
      {
        "text": "give me a random recipe",
        "userDefined": false,
        "id": "c1c5df63-688d-5988-a155-91ba57cc70b1"
      }
    ],
    "isTemplate": false,
    "count": 0,
    "updated": 0
  },
  {
    "data": [
      {
        "text": "suprise me",
        "userDefined": false,
        "id": "5dcfdb8e-d7cd-58ee-9737-e83154cc9cca"
      }
    ],
    "isTemplate": false,
    "count": 0,
    "updated": 0
  },
  {
    "data": [
      {
        "text": "a random drink",
        "userDefined": false,
        "id": "e65d9f99-3a4c-5164-99f0-c56e695937b5"
      }
    ],
    "isTemplate": false,
    "count": 0,
    "updated": 0
  },
  {
    "data": [
      {
        "text": "random drink",
        "userDefined": false,
        "id": "7ff490e9-840c-5838-8d75-67f267e611c2"
      }
    ],
    "isTemplate": false,
    "count": 0,
    "updated": 0
  },
  {
    "data": [
      {
        "text": "surprise me with a random drink",
        "userDefined": false,
        "id": "08eb68ed-c77d-531a-970d-f33402f912d5"
      }
    ],
    "isTemplate": false,
    "count": 0,
    "updated": 0
  },
  {
    "data": [
      {
        "text": "anything",
        "userDefined": false,
        "id": "d539cf4f-3d06-5610-aa48-cbd793b22792"
      }
    ],
    "isTemplate": false,
    "count": 0,
    "updated": 0
  }
]