[
  {
    "data": [
      {
        "text": "the ",
        "userDefined": false,
        "id": "1dcac985-235d-58d6-a74d-c41916e411d0"
      },
      {
        "meta": "@list-of-areas",
        "alias": "area",
        "text": "{area}",
        "userDefined": true,
        "id": "a85e7903-ecaa-58c4-afee-b863d08a42a7"
      },
      {
        "text": " region",
        "userDefined": false,
        "id": "2808f44a-4457-5198-bc64-e49386517c1f"
      }
    ],
    "isTemplate": false,
    "count": 0,
    "updated": 0
  },
  {
    "data": [
      {
        "meta": "@list-of-areas",
        "alias": "area",
        "text": "{area}",
        "userDefined": true,
        "id": "a85e7903-ecaa-58c4-afee-b863d08a42a7"
      },
      {
        "text": " region",
        "userDefined": false,
        "id": "2808f44a-4457-5198-bc64-e49386517c1f"
      }
    ],
    "isTemplate": false,
    "count": 0,
    "updated": 0
  },
  {
    "data": [
      {
        "text": "i'm in the ",
        "userDefined": false,
        "id": "84922913-9b75-5bf5-85c9-e62c12d28a23"
      },
      {
        "meta": "@list-of-areas",
        "alias": "area",
        "text": "{area}",
        "userDefined": true,
        "id": "a85e7903-ecaa-58c4-afee-b863d08a42a7"
      }
    ],
    "isTemplate": false,
    "count": 0,
    "updated": 0
  },
  {
    "data": [
      {
        "text": "i'm in ",
        "userDefined": false,
        "id": "ffc6cbc6-3c15-57ab-b028-a4130dc90b5a"
      },
      {
        "meta": "@list-of-areas",
        "alias": "area",
        "text": "{area}",
        "userDefined": true,
        "id": "a85e7903-ecaa-58c4-afee-b863d08a42a7"
      }
    ],
    "isTemplate": false,
    "count": 0,
    "updated": 0
  }
]