[
  {
    "data": [
      {
        "text": "stop",
        "userDefined": false,
        "id": "69cfcf22-3aed-5f1c-b6e3-58a6f8e2b990"
      }
    ],
    "isTemplate": false,
    "count": 0,
    "updated": 0
  },
  {
    "data": [
      {
        "text": "off",
        "userDefined": false,
        "id": "0a020fa4-dce9-5434-b3f1-3d9e4ace4b29"
      }
    ],
    "isTemplate": false,
    "count": 0,
    "updated": 0
  },
  {
    "data": [
      {
        "text": "shut up",
        "userDefined": false,
        "id": "4f3f1a93-236f-5d16-a6e8-cbce74d41c85"
      }
    ],
    "isTemplate": false,
    "count": 0,
    "updated": 0
  }
]