[
  {
    "data": [
      {
        "text": "yeah",
        "userDefined": false,
        "id": "d3b557f9-6553-5527-9b87-f46e8e184d22"
      }
    ],
    "isTemplate": false,
    "count": 0,
    "updated": 0
  },
  {
    "data": [
      {
        "text": "yep",
        "userDefined": false,
        "id": "02e8c2d6-97db-595a-bf6f-87410cb0cdfd"
      }
    ],
    "isTemplate": false,
    "count": 0,
    "updated": 0
  },
  {
    "data": [
      {
        "text": "okay",
        "userDefined": false,
        "id": "2885cab5-a13d-5b17-b4e5-ae40c6f9cd38"
      }
    ],
    "isTemplate": false,
    "count": 0,
    "updated": 0
  },
  {
    "data": [
      {
        "text": "of course",
        "userDefined": false,
        "id": "b836b7c1-9a38-54dc-be07-0daeb2c64670"
      }
    ],
    "isTemplate": false,
    "count": 0,
    "updated": 0
  },
  {
    "data": [
      {
        "text": "i don't mind",
        "userDefined": false,
        "id": "84010276-7394-560f-847e-7c5990f62bf0"
      }
    ],
    "isTemplate": false,
    "count": 0,
    "updated": 0
  },
  {
    "data": [
      {
        "text": "do it",
        "userDefined": false,
        "id": "6673d6e9-bc65-54e6-880f-d9c8471d15de"
      }
    ],
    "isTemplate": false,
    "count": 0,
    "updated": 0
  },
  {
    "data": [
      {
        "text": "ok",
        "userDefined": false,
        "id": "65b6defb-67f4-52e6-9a0f-e2d4ed82b8bb"
      }
    ],
    "isTemplate": false,
    "count": 0,
    "updated": 0
  },
  {
    "data": [
      {
        "text": "sounds good",
        "userDefined": false,
        "id": "0e22144c-ff9a-5356-a43a-84c247a63ce4"
      }
    ],
    "isTemplate": false,
    "count": 0,
    "updated": 0
  },
  {
    "data": [
      {
        "text": "confirm",
        "userDefined": false,
        "id": "14e51a86-82af-55fd-92bf-1c3219ac7594"
      }
    ],
    "isTemplate": false,
    "count": 0,
    "updated": 0
  },
  {
    "data": [
      {
        "text": "that's correct",
        "userDefined": false,
        "id": "6f1553a0-fd26-5ff0-bc57-847891a6db5a"
      }
    ],
    "isTemplate": false,
    "count": 0,
    "updated": 0
  },
  {
    "data": [
      {
        "text": "I agree",
        "userDefined": false,
        "id": "c0603c10-3ed7-5f5f-95a7-34ed020b9d15"
      }
    ],
    "isTemplate": false,
    "count": 0,
    "updated": 0
  },
  {
    "data": [
      {
        "text": "exactly",
        "userDefined": false,
        "id": "189269fe-7108-5ef0-90ab-15c0784a5391"
      }
    ],
    "isTemplate": false,
    "count": 0,
    "updated": 0
  },
  {
    "data": [
      {
        "text": "yes",
        "userDefined": false,
        "id": "a4958ce3-5529-5521-bee9-8d0df9bdf0e7"
      }
    ],
    "isTemplate": false,
    "count": 0,
    "updated": 0
  },
  {
    "data": [
      {
        "text": "yes please",
        "userDefined": false,
        "id": "c55eac88-2515-54a9-94f6-d8dd6bae1e97"
      }
    ],
    "isTemplate": false,
    "count": 0,
    "updated": 0
  },
  {
    "data": [
      {
        "text": "sure",
        "userDefined": false,
        "id": "629f4ffb-915c-57af-99e0-11579d4845e5"
      }
    ],
    "isTemplate": false,
    "count": 0,
    "updated": 0
  }
]