[
  {
    "value": "151 proof rum",
    "synonyms": [
      "151 proof rum"
    ]
  },
  {
    "value": "7-Up",
    "synonyms": [
      "7-Up"
    ]
  },
  {
    "value": "Absinthe",
    "synonyms": [
      "Absinthe"
    ]
  },
  {
    "value": "Absolut Citron",
    "synonyms": [
      "Absolut Citron"
    ]
  },
  {
    "value": "Absolut Kurant",
    "synonyms": [
      "Absolut Kurant"
    ]
  },
  {
    "value": "Absolut Vodka",
    "synonyms": [
      "Absolut Vodka"
    ]
  },
  {
    "value": "Advocaat",
    "synonyms": [
      "Advocaat"
    ]
  },
  {
    "value": "Ale",
    "synonyms": [
      "Ale"
    ]
  },
  {
    "value": "Amaretto",
    "synonyms": [
      "Amaretto"
    ]
  },
  {
    "value": "Anejo rum",
    "synonyms": [
      "Anejo rum"
    ]
  },
  {
    "value": "Angelica root",
    "synonyms": [
      "Angelica root"
    ]
  },
  {
    "value": "Apple brandy",
    "synonyms": [
      "Apple brandy"
    ]
  },
  {
    "value": "Apple cider",
    "synonyms": [
      "Apple cider"
    ]
  },
  {
    "value": "Apple juice",
    "synonyms": [
      "Apple juice"
    ]
  },
  {
    "value": "Applejack",
    "synonyms": [
      "Applejack"
    ]
  },
  {
    "value": "Apricot brandy",
    "synonyms": [
      "Apricot brandy"
    ]
  },
  {
    "value": "Bacardi Limon",
    "synonyms": [
      "Bacardi Limon"
    ]
  },
  {
    "value": "Bailey's irish cream",
    "synonyms": [
      "Bailey's irish cream"
    ]
  },
  {
    "value": "Baileys irish cream",
    "synonyms": [
      "Baileys irish cream"
    ]
  },
  {
    "value": "Banana liqueur",
    "synonyms": [
      "Banana liqueur"
    ]
  },
  {
    "value": "Beer",
    "synonyms": [
      "Beer"
    ]
  },
  {
    "value": "Berries",
    "synonyms": [
      "Berries"
    ]
  },
  {
    "value": "Bitters",
    "synonyms": [
      "Bitters"
    ]
  },
  {
    "value": "Black Sambuca",
    "synonyms": [
      "Black Sambuca"
    ]
  },
  {
    "value": "Blackberry brandy",
    "synonyms": [
      "Blackberry brandy"
    ]
  },
  {
    "value": "Blended whiskey",
    "synonyms": [
      "Blended whiskey"
    ]
  },
  {
    "value": "Blue Curacao",
    "synonyms": [
      "Blue Curacao"
    ]
  },
  {
    "value": "Bourbon",
    "synonyms": [
      "Bourbon"
    ]
  },
  {
    "value": "Brandy",
    "synonyms": [
      "Brandy"
    ]
  },
  {
    "value": "Cachaca",
    "synonyms": [
      "Cachaca"
    ]
  },
  {
    "value": "Campari",
    "synonyms": [
      "Campari"
    ]
  },
  {
    "value": "Cantaloupe",
    "synonyms": [
      "Cantaloupe"
    ]
  },
  {
    "value": "Carbonated water",
    "synonyms": [
      "Carbonated water"
    ]
  },
  {
    "value": "Chambord raspberry liqueur",
    "synonyms": [
      "Chambord raspberry liqueur"
    ]
  },
  {
    "value": "Champagne",
    "synonyms": [
      "Champagne"
    ]
  },
  {
    "value": "Cherry brandy",
    "synonyms": [
      "Cherry brandy"
    ]
  },
  {
    "value": "Cherry Heering",
    "synonyms": [
      "Cherry Heering"
    ]
  },
  {
    "value": "Chocolate ice-cream",
    "synonyms": [
      "Chocolate ice-cream"
    ]
  },
  {
    "value": "Chocolate liqueur",
    "synonyms": [
      "Chocolate liqueur"
    ]
  },
  {
    "value": "Chocolate syrup",
    "synonyms": [
      "Chocolate syrup"
    ]
  },
  {
    "value": "Chocolate",
    "synonyms": [
      "Chocolate"
    ]
  },
  {
    "value": "Cider",
    "synonyms": [
      "Cider"
    ]
  },
  {
    "value": "Coca-Cola",
    "synonyms": [
      "Coca-Cola"
    ]
  },
  {
    "value": "Cocoa powder",
    "synonyms": [
      "Cocoa powder"
    ]
  },
  {
    "value": "Coconut rum",
    "synonyms": [
      "Coconut rum"
    ]
  },
  {
    "value": "Coffee brandy",
    "synonyms": [
      "Coffee brandy"
    ]
  },
  {
    "value": "Coffee liqueur",
    "synonyms": [
      "Coffee liqueur"
    ]
  },
  {
    "value": "Coffee",
    "synonyms": [
      "Coffee"
    ]
  },
  {
    "value": "Cognac",
    "synonyms": [
      "Cognac"
    ]
  },
  {
    "value": "Cointreau",
    "synonyms": [
      "Cointreau"
    ]
  },
  {
    "value": "Corona",
    "synonyms": [
      "Corona"
    ]
  },
  {
    "value": "Cranberries",
    "synonyms": [
      "Cranberries"
    ]
  },
  {
    "value": "Cranberry juice",
    "synonyms": [
      "Cranberry juice"
    ]
  },
  {
    "value": "Cranberry vodka",
    "synonyms": [
      "Cranberry vodka"
    ]
  },
  {
    "value": "Creme de Cacao",
    "synonyms": [
      "Creme de Cacao"
    ]
  },
  {
    "value": "Creme de Cassis",
    "synonyms": [
      "Creme de Cassis"
    ]
  },
  {
    "value": "Crown Royal",
    "synonyms": [
      "Crown Royal"
    ]
  },
  {
    "value": "Dark rum",
    "synonyms": [
      "Dark rum"
    ]
  },
  {
    "value": "demerara Sugar",
    "synonyms": [
      "demerara Sugar"
    ]
  },
  {
    "value": "Dry Vermouth",
    "synonyms": [
      "Dry Vermouth"
    ]
  },
  {
    "value": "Dubonnet Rouge",
    "synonyms": [
      "Dubonnet Rouge"
    ]
  },
  {
    "value": "Egg yolk",
    "synonyms": [
      "Egg yolk"
    ]
  },
  {
    "value": "Egg",
    "synonyms": [
      "Egg"
    ]
  },
  {
    "value": "Espresso",
    "synonyms": [
      "Espresso"
    ]
  },
  {
    "value": "Everclear",
    "synonyms": [
      "Everclear"
    ]
  },
  {
    "value": "Firewater",
    "synonyms": [
      "Firewater"
    ]
  },
  {
    "value": "Frangelico",
    "synonyms": [
      "Frangelico"
    ]
  },
  {
    "value": "Fruit punch",
    "synonyms": [
      "Fruit punch"
    ]
  },
  {
    "value": "Galliano",
    "synonyms": [
      "Galliano"
    ]
  },
  {
    "value": "Gin",
    "synonyms": [
      "Gin"
    ]
  },
  {
    "value": "Ginger",
    "synonyms": [
      "Ginger"
    ]
  },
  {
    "value": "Godiva liqueur",
    "synonyms": [
      "Godiva liqueur"
    ]
  },
  {
    "value": "Goldschlager",
    "synonyms": [
      "Goldschlager"
    ]
  },
  {
    "value": "Grand Marnier",
    "synonyms": [
      "Grand Marnier"
    ]
  },
  {
    "value": "Grape juice",
    "synonyms": [
      "Grape juice"
    ]
  },
  {
    "value": "Grapefruit juice",
    "synonyms": [
      "Grapefruit juice"
    ]
  },
  {
    "value": "Grapes",
    "synonyms": [
      "Grapes"
    ]
  },
  {
    "value": "Green Chartreuse",
    "synonyms": [
      "Green Chartreuse"
    ]
  },
  {
    "value": "Green Creme de Menthe",
    "synonyms": [
      "Green Creme de Menthe"
    ]
  },
  {
    "value": "Grenadine",
    "synonyms": [
      "Grenadine"
    ]
  },
  {
    "value": "Guinness stout",
    "synonyms": [
      "Guinness stout"
    ]
  },
  {
    "value": "Heavy cream",
    "synonyms": [
      "Heavy cream"
    ]
  },
  {
    "value": "Hot Damn",
    "synonyms": [
      "Hot Damn"
    ]
  },
  {
    "value": "Ice",
    "synonyms": [
      "Ice"
    ]
  },
  {
    "value": "Irish cream",
    "synonyms": [
      "Irish cream"
    ]
  },
  {
    "value": "Irish whiskey",
    "synonyms": [
      "Irish whiskey"
    ]
  },
  {
    "value": "Jack Daniels",
    "synonyms": [
      "Jack Daniels"
    ]
  },
  {
    "value": "Jägermeister",
    "synonyms": [
      "Jägermeister"
    ]
  },
  {
    "value": "Jim Beam",
    "synonyms": [
      "Jim Beam"
    ]
  },
  {
    "value": "Johnnie Walker",
    "synonyms": [
      "Johnnie Walker"
    ]
  },
  {
    "value": "Kahlua",
    "synonyms": [
      "Kahlua"
    ]
  },
  {
    "value": "Kiwi liqueur",
    "synonyms": [
      "Kiwi liqueur"
    ]
  },
  {
    "value": "Kiwi",
    "synonyms": [
      "Kiwi"
    ]
  },
  {
    "value": "Kool-Aid",
    "synonyms": [
      "Kool-Aid"
    ]
  },
  {
    "value": "Lager",
    "synonyms": [
      "Lager"
    ]
  },
  {
    "value": "Lemon juice",
    "synonyms": [
      "Lemon juice"
    ]
  },
  {
    "value": "Lemon peel",
    "synonyms": [
      "Lemon peel"
    ]
  },
  {
    "value": "Lemon vodka",
    "synonyms": [
      "Lemon vodka"
    ]
  },
  {
    "value": "Lemon",
    "synonyms": [
      "Lemon"
    ]
  },
  {
    "value": "Lemonade",
    "synonyms": [
      "Lemonade"
    ]
  },
  {
    "value": "Light rum",
    "synonyms": [
      "Light rum"
    ]
  },
  {
    "value": "Lime juice",
    "synonyms": [
      "Lime juice"
    ]
  },
  {
    "value": "Lime",
    "synonyms": [
      "Lime"
    ]
  },
  {
    "value": "Malibu rum",
    "synonyms": [
      "Malibu rum"
    ]
  },
  {
    "value": "Mango",
    "synonyms": [
      "Mango"
    ]
  },
  {
    "value": "Maui",
    "synonyms": [
      "Maui"
    ]
  },
  {
    "value": "Mezcal",
    "synonyms": [
      "Mezcal"
    ]
  },
  {
    "value": "Midori melon liqueur",
    "synonyms": [
      "Midori melon liqueur"
    ]
  },
  {
    "value": "Milk",
    "synonyms": [
      "Milk"
    ]
  },
  {
    "value": "Mint",
    "synonyms": [
      "Mint"
    ]
  },
  {
    "value": "Orange bitters",
    "synonyms": [
      "Orange bitters"
    ]
  },
  {
    "value": "Orange juice",
    "synonyms": [
      "Orange juice"
    ]
  },
  {
    "value": "Orange",
    "synonyms": [
      "Orange"
    ]
  },
  {
    "value": "Ouzo",
    "synonyms": [
      "Ouzo"
    ]
  },
  {
    "value": "Peach nectar",
    "synonyms": [
      "Peach nectar"
    ]
  },
  {
    "value": "Peach Vodka",
    "synonyms": [
      "Peach Vodka"
    ]
  },
  {
    "value": "Peachtree schnapps",
    "synonyms": [
      "Peachtree schnapps"
    ]
  },
  {
    "value": "Peppermint schnapps",
    "synonyms": [
      "Peppermint schnapps"
    ]
  },
  {
    "value": "Pineapple juice",
    "synonyms": [
      "Pineapple juice"
    ]
  },
  {
    "value": "Pisco",
    "synonyms": [
      "Pisco"
    ]
  },
  {
    "value": "Port",
    "synonyms": [
      "Port"
    ]
  },
  {
    "value": "Prosecco",
    "synonyms": [
      "Prosecco"
    ]
  },
  {
    "value": "Raspberry vodka",
    "synonyms": [
      "Raspberry vodka"
    ]
  },
  {
    "value": "Red wine",
    "synonyms": [
      "Red wine"
    ]
  },
  {
    "value": "Ricard",
    "synonyms": [
      "Ricard"
    ]
  },
  {
    "value": "Rum",
    "synonyms": [
      "Rum"
    ]
  },
  {
    "value": "Sambuca",
    "synonyms": [
      "Sambuca"
    ]
  },
  {
    "value": "Scotch",
    "synonyms": [
      "Scotch"
    ]
  },
  {
    "value": "Sherry",
    "synonyms": [
      "Sherry"
    ]
  },
  {
    "value": "Sloe gin",
    "synonyms": [
      "Sloe gin"
    ]
  },
  {
    "value": "Sour mix",
    "synonyms": [
      "Sour mix"
    ]
  },
  {
    "value": "Southern Comfort",
    "synonyms": [
      "Southern Comfort"
    ]
  },
  {
    "value": "Spiced rum",
    "synonyms": [
      "Spiced rum"
    ]
  },
  {
    "value": "Sprite",
    "synonyms": [
      "Sprite"
    ]
  },
  {
    "value": "Strawberries",
    "synonyms": [
      "Strawberries"
    ]
  },
  {
    "value": "Strawberry schnapps",
    "synonyms": [
      "Strawberry schnapps"
    ]
  },
  {
    "value": "Sugar syrup",
    "synonyms": [
      "Sugar syrup"
    ]
  },
  {
    "value": "Sugar",
    "synonyms": [
      "Sugar"
    ]
  },
  {
    "value": "Sweet Vermouth",
    "synonyms": [
      "Sweet Vermouth"
    ]
  },
  {
    "value": "Tea",
    "synonyms": [
      "Tea"
    ]
  },
  {
    "value": "Tequila",
    "synonyms": [
      "Tequila"
    ]
  },
  {
    "value": "Tomato juice",
    "synonyms": [
      "Tomato juice"
    ]
  },
  {
    "value": "Triple sec",
    "synonyms": [
      "Triple sec"
    ]
  },
  {
    "value": "Vanilla ice-cream",
    "synonyms": [
      "Vanilla ice-cream"
    ]
  },
  {
    "value": "Vanilla vodka",
    "synonyms": [
      "Vanilla vodka"
    ]
  },
  {
    "value": "Vermouth",
    "synonyms": [
      "Vermouth"
    ]
  },
  {
    "value": "Vodka",
    "synonyms": [
      "Vodka"
    ]
  },
  {
    "value": "Water",
    "synonyms": [
      "Water"
    ]
  },
  {
    "value": "Whiskey",
    "synonyms": [
      "Whiskey"
    ]
  },
  {
    "value": "Whisky",
    "synonyms": [
      "Whisky"
    ]
  },
  {
    "value": "White Creme de Menthe",
    "synonyms": [
      "White Creme de Menthe"
    ]
  },
  {
    "value": "White Rum",
    "synonyms": [
      "White Rum"
    ]
  },
  {
    "value": "Wild Turkey",
    "synonyms": [
      "Wild Turkey"
    ]
  },
  {
    "value": "Yoghurt",
    "synonyms": [
      "Yoghurt"
    ]
  },
  {
    "value": "Yukon Jack",
    "synonyms": [
      "Yukon Jack"
    ]
  },
  {
    "value": "Zima",
    "synonyms": [
      "Zima"
    ]
  }
]