[
  {
    "value": "155 Belmont",
    "synonyms": [
      "155 Belmont"
    ]
  },
  {
    "value": "3-Mile Long Island Iced Tea",
    "synonyms": [
      "3-Mile Long Island Iced Tea"
    ]
  },
  {
    "value": "410 Gone",
    "synonyms": [
      "410 Gone"
    ]
  },
  {
    "value": "50 50",
    "synonyms": [
      "50 50"
    ]
  },
  {
    "value": "501 Blue",
    "synonyms": [
      "501 Blue"
    ]
  },
  {
    "value": "57 Chevy with a White License Plate",
    "synonyms": [
      "57 Chevy with a White License Plate"
    ]
  },
  {
    "value": "69 Special",
    "synonyms": [
      "69 Special"
    ]
  },
  {
    "value": "9 and half Weeks",
    "synonyms": [
      "9 and half Weeks"
    ]
  },
  {
    "value": "A Day at the Beach",
    "synonyms": [
      "A Day at the Beach"
    ]
  },
  {
    "value": "A Furlong Too Late",
    "synonyms": [
      "A Furlong Too Late"
    ]
  },
  {
    "value": "A Gilligan's Island",
    "synonyms": [
      "A Gilligan's Island"
    ]
  },
  {
    "value": "A midsummernight dream",
    "synonyms": [
      "A midsummernight dream"
    ]
  },
  {
    "value": "A Night In Old Mandalay",
    "synonyms": [
      "A Night In Old Mandalay"
    ]
  },
  {
    "value": "A Piece of Ass",
    "synonyms": [
      "A Piece of Ass"
    ]
  },
  {
    "value": "A Splash of Nash",
    "synonyms": [
      "A Splash of Nash"
    ]
  },
  {
    "value": "A True Amaretto Sour",
    "synonyms": [
      "A True Amaretto Sour"
    ]
  },
  {
    "value": "a. d. m.",
    "synonyms": [
      "a. d. m."
    ]
  },
  {
    "value": "A. J.",
    "synonyms": [
      "A. J."
    ]
  },
  {
    "value": "a. t. t.",
    "synonyms": [
      "a. t. t."
    ]
  },
  {
    "value": "After Dinner Mint",
    "synonyms": [
      "After Dinner Mint"
    ]
  },
  {
    "value": "A1",
    "synonyms": [
      "A1"
    ]
  },
  {
    "value": "Abbey Cocktail",
    "synonyms": [
      "Abbey Cocktail"
    ]
  },
  {
    "value": "Abbey Martini",
    "synonyms": [
      "Abbey Martini"
    ]
  },
  {
    "value": "ABC",
    "synonyms": [
      "ABC"
    ]
  },
  {
    "value": "Abilene",
    "synonyms": [
      "Abilene"
    ]
  },
  {
    "value": "Absinthe number 2",
    "synonyms": [
      "Absinthe number 2"
    ]
  },
  {
    "value": "Absolut Evergreen",
    "synonyms": [
      "Absolut Evergreen"
    ]
  },
  {
    "value": "Absolut limousine",
    "synonyms": [
      "Absolut limousine"
    ]
  },
  {
    "value": "Absolut Sex",
    "synonyms": [
      "Absolut Sex"
    ]
  },
  {
    "value": "Absolut Stress 2",
    "synonyms": [
      "Absolut Stress 2"
    ]
  },
  {
    "value": "Absolut Stress number 2",
    "synonyms": [
      "Absolut Stress number 2"
    ]
  },
  {
    "value": "Absolut Summertime",
    "synonyms": [
      "Absolut Summertime"
    ]
  },
  {
    "value": "Absolutely Cranberry Smash",
    "synonyms": [
      "Absolutely Cranberry Smash"
    ]
  },
  {
    "value": "Absolutely Fabulous",
    "synonyms": [
      "Absolutely Fabulous"
    ]
  },
  {
    "value": "Absolutly Screwed Up",
    "synonyms": [
      "Absolutly Screwed Up"
    ]
  },
  {
    "value": "Acapulco",
    "synonyms": [
      "Acapulco"
    ]
  },
  {
    "value": "Ace",
    "synonyms": [
      "Ace"
    ]
  },
  {
    "value": "ACID",
    "synonyms": [
      "ACID"
    ]
  },
  {
    "value": "Adam",
    "synonyms": [
      "Adam"
    ]
  },
  {
    "value": "Adam and Eve",
    "synonyms": [
      "Adam and Eve"
    ]
  },
  {
    "value": "Adam Bomb",
    "synonyms": [
      "Adam Bomb"
    ]
  },
  {
    "value": "Adam Sunrise",
    "synonyms": [
      "Adam Sunrise"
    ]
  },
  {
    "value": "Addington",
    "synonyms": [
      "Addington"
    ]
  },
  {
    "value": "Addison",
    "synonyms": [
      "Addison"
    ]
  },
  {
    "value": "Addison Special",
    "synonyms": [
      "Addison Special"
    ]
  },
  {
    "value": "Adios Amigos Cocktail",
    "synonyms": [
      "Adios Amigos Cocktail"
    ]
  },
  {
    "value": "Adonis Cocktail",
    "synonyms": [
      "Adonis Cocktail"
    ]
  },
  {
    "value": "Affair",
    "synonyms": [
      "Affair"
    ]
  },
  {
    "value": "Affinity",
    "synonyms": [
      "Affinity"
    ]
  },
  {
    "value": "After Dinner Cocktail",
    "synonyms": [
      "After Dinner Cocktail"
    ]
  },
  {
    "value": "After Five",
    "synonyms": [
      "After Five"
    ]
  },
  {
    "value": "After sex",
    "synonyms": [
      "After sex"
    ]
  },
  {
    "value": "After Supper Cocktail",
    "synonyms": [
      "After Supper Cocktail"
    ]
  },
  {
    "value": "Afterglow",
    "synonyms": [
      "Afterglow"
    ]
  },
  {
    "value": "Afternoon",
    "synonyms": [
      "Afternoon"
    ]
  },
  {
    "value": "Alabama Slammer",
    "synonyms": [
      "Alabama Slammer"
    ]
  },
  {
    "value": "Alaska Cocktail",
    "synonyms": [
      "Alaska Cocktail"
    ]
  },
  {
    "value": "Alexander",
    "synonyms": [
      "Alexander"
    ]
  },
  {
    "value": "Alfie Cocktail",
    "synonyms": [
      "Alfie Cocktail"
    ]
  },
  {
    "value": "Algonquin",
    "synonyms": [
      "Algonquin"
    ]
  },
  {
    "value": "Alice Cocktail",
    "synonyms": [
      "Alice Cocktail"
    ]
  },
  {
    "value": "Alice in Wonderland",
    "synonyms": [
      "Alice in Wonderland"
    ]
  },
  {
    "value": "Allegheny",
    "synonyms": [
      "Allegheny"
    ]
  },
  {
    "value": "Allies Cocktail",
    "synonyms": [
      "Allies Cocktail"
    ]
  },
  {
    "value": "Almeria",
    "synonyms": [
      "Almeria"
    ]
  },
  {
    "value": "Almond Chocolate Coffee",
    "synonyms": [
      "Almond Chocolate Coffee"
    ]
  },
  {
    "value": "Almond Joy",
    "synonyms": [
      "Almond Joy"
    ]
  },
  {
    "value": "Aloha Fruit punch",
    "synonyms": [
      "Aloha Fruit punch"
    ]
  },
  {
    "value": "Amaretto And Cream",
    "synonyms": [
      "Amaretto And Cream"
    ]
  },
  {
    "value": "Amaretto Liqueur",
    "synonyms": [
      "Amaretto Liqueur"
    ]
  },
  {
    "value": "Amaretto Mist",
    "synonyms": [
      "Amaretto Mist"
    ]
  },
  {
    "value": "Amaretto Rose",
    "synonyms": [
      "Amaretto Rose"
    ]
  },
  {
    "value": "Amaretto Shake",
    "synonyms": [
      "Amaretto Shake"
    ]
  },
  {
    "value": "Amaretto Sour",
    "synonyms": [
      "Amaretto Sour"
    ]
  },
  {
    "value": "Amaretto Stinger",
    "synonyms": [
      "Amaretto Stinger"
    ]
  },
  {
    "value": "Amaretto Stone Sour",
    "synonyms": [
      "Amaretto Stone Sour"
    ]
  },
  {
    "value": "Amaretto Stone Sour number 3",
    "synonyms": [
      "Amaretto Stone Sour number 3"
    ]
  },
  {
    "value": "Amaretto Sunrise",
    "synonyms": [
      "Amaretto Sunrise"
    ]
  },
  {
    "value": "Amaretto Sunset",
    "synonyms": [
      "Amaretto Sunset"
    ]
  },
  {
    "value": "Amaretto Sweet and Sour",
    "synonyms": [
      "Amaretto Sweet and Sour"
    ]
  },
  {
    "value": "Amaretto Tea",
    "synonyms": [
      "Amaretto Tea"
    ]
  },
  {
    "value": "Americano",
    "synonyms": [
      "Americano"
    ]
  },
  {
    "value": "Angel Face",
    "synonyms": [
      "Angel Face"
    ]
  },
  {
    "value": "Angelica Liqueur",
    "synonyms": [
      "Angelica Liqueur"
    ]
  },
  {
    "value": "Apello",
    "synonyms": [
      "Apello"
    ]
  },
  {
    "value": "Apple Berry Smoothie",
    "synonyms": [
      "Apple Berry Smoothie"
    ]
  },
  {
    "value": "Apple Cider Punch number 1",
    "synonyms": [
      "Apple Cider Punch number 1"
    ]
  },
  {
    "value": "Apple Grande",
    "synonyms": [
      "Apple Grande"
    ]
  },
  {
    "value": "Apple Karate",
    "synonyms": [
      "Apple Karate"
    ]
  },
  {
    "value": "Apple Pie with A Crust",
    "synonyms": [
      "Apple Pie with A Crust"
    ]
  },
  {
    "value": "Apple Slammer",
    "synonyms": [
      "Apple Slammer"
    ]
  },
  {
    "value": "Applecar",
    "synonyms": [
      "Applecar"
    ]
  },
  {
    "value": "Applejack",
    "synonyms": [
      "Applejack"
    ]
  },
  {
    "value": "Apricot Lady",
    "synonyms": [
      "Apricot Lady"
    ]
  },
  {
    "value": "Apricot punch",
    "synonyms": [
      "Apricot punch"
    ]
  },
  {
    "value": "Archbishop",
    "synonyms": [
      "Archbishop"
    ]
  },
  {
    "value": "Arctic Fish",
    "synonyms": [
      "Arctic Fish"
    ]
  },
  {
    "value": "Arctic Mouthwash",
    "synonyms": [
      "Arctic Mouthwash"
    ]
  },
  {
    "value": "Arise My Love",
    "synonyms": [
      "Arise My Love"
    ]
  },
  {
    "value": "Arizona Antifreeze",
    "synonyms": [
      "Arizona Antifreeze"
    ]
  },
  {
    "value": "Arizona Stingers",
    "synonyms": [
      "Arizona Stingers"
    ]
  },
  {
    "value": "Arizona Twister",
    "synonyms": [
      "Arizona Twister"
    ]
  },
  {
    "value": "Army special",
    "synonyms": [
      "Army special"
    ]
  },
  {
    "value": "Arthur Tompkins",
    "synonyms": [
      "Arthur Tompkins"
    ]
  },
  {
    "value": "Artillery",
    "synonyms": [
      "Artillery"
    ]
  },
  {
    "value": "Artillery Punch",
    "synonyms": [
      "Artillery Punch"
    ]
  },
  {
    "value": "ATandT",
    "synonyms": [
      "ATandT"
    ]
  },
  {
    "value": "Atlantic Sun",
    "synonyms": [
      "Atlantic Sun"
    ]
  },
  {
    "value": "Atomic Lokade",
    "synonyms": [
      "Atomic Lokade"
    ]
  },
  {
    "value": "Auburn Headbanger",
    "synonyms": [
      "Auburn Headbanger"
    ]
  },
  {
    "value": "Autodafe",
    "synonyms": [
      "Autodafe"
    ]
  },
  {
    "value": "Avalanche",
    "synonyms": [
      "Avalanche"
    ]
  },
  {
    "value": "Avalon",
    "synonyms": [
      "Avalon"
    ]
  },
  {
    "value": "Aviation",
    "synonyms": [
      "Aviation"
    ]
  },
  {
    "value": "Aztec Punch",
    "synonyms": [
      "Aztec Punch"
    ]
  },
  {
    "value": "B 52",
    "synonyms": [
      "B 52"
    ]
  },
  {
    "value": "B-53",
    "synonyms": [
      "B-53"
    ]
  },
  {
    "value": "Baby Eskimo",
    "synonyms": [
      "Baby Eskimo"
    ]
  },
  {
    "value": "Baby Guinness",
    "synonyms": [
      "Baby Guinness"
    ]
  },
  {
    "value": "Bacardi Cocktail",
    "synonyms": [
      "Bacardi Cocktail"
    ]
  },
  {
    "value": "Bahama Mama",
    "synonyms": [
      "Bahama Mama"
    ]
  },
  {
    "value": "Bailey's Dream Shake",
    "synonyms": [
      "Bailey's Dream Shake"
    ]
  },
  {
    "value": "Balmoral",
    "synonyms": [
      "Balmoral"
    ]
  },
  {
    "value": "Banana Cantaloupe Smoothie",
    "synonyms": [
      "Banana Cantaloupe Smoothie"
    ]
  },
  {
    "value": "Banana Daiquiri",
    "synonyms": [
      "Banana Daiquiri"
    ]
  },
  {
    "value": "Banana Milk Shake",
    "synonyms": [
      "Banana Milk Shake"
    ]
  },
  {
    "value": "Banana Strawberry Shake",
    "synonyms": [
      "Banana Strawberry Shake"
    ]
  },
  {
    "value": "Banana Strawberry Shake Daiquiri-type",
    "synonyms": [
      "Banana Strawberry Shake Daiquiri-type"
    ]
  },
  {
    "value": "Barracuda",
    "synonyms": [
      "Barracuda"
    ]
  },
  {
    "value": "Belgian Blue",
    "synonyms": [
      "Belgian Blue"
    ]
  },
  {
    "value": "Bellini",
    "synonyms": [
      "Bellini"
    ]
  },
  {
    "value": "Bellini Martini",
    "synonyms": [
      "Bellini Martini"
    ]
  },
  {
    "value": "Bermuda Highball",
    "synonyms": [
      "Bermuda Highball"
    ]
  },
  {
    "value": "Berry Deadly",
    "synonyms": [
      "Berry Deadly"
    ]
  },
  {
    "value": "Between The Sheets",
    "synonyms": [
      "Between The Sheets"
    ]
  },
  {
    "value": "Bible Belt",
    "synonyms": [
      "Bible Belt"
    ]
  },
  {
    "value": "Big Red",
    "synonyms": [
      "Big Red"
    ]
  },
  {
    "value": "Bijou",
    "synonyms": [
      "Bijou"
    ]
  },
  {
    "value": "Black and Brown",
    "synonyms": [
      "Black and Brown"
    ]
  },
  {
    "value": "Black and Tan",
    "synonyms": [
      "Black and Tan"
    ]
  },
  {
    "value": "Black Forest Shake",
    "synonyms": [
      "Black Forest Shake"
    ]
  },
  {
    "value": "Black Russian",
    "synonyms": [
      "Black Russian"
    ]
  },
  {
    "value": "Blackthorn",
    "synonyms": [
      "Blackthorn"
    ]
  },
  {
    "value": "Bleeding Surgeon",
    "synonyms": [
      "Bleeding Surgeon"
    ]
  },
  {
    "value": "Blind Russian",
    "synonyms": [
      "Blind Russian"
    ]
  },
  {
    "value": "Bloody Maria",
    "synonyms": [
      "Bloody Maria"
    ]
  },
  {
    "value": "Bloody Mary",
    "synonyms": [
      "Bloody Mary"
    ]
  },
  {
    "value": "Blue Hurricane",
    "synonyms": [
      "Blue Hurricane"
    ]
  },
  {
    "value": "Blue Lagoon",
    "synonyms": [
      "Blue Lagoon"
    ]
  },
  {
    "value": "Blue Margarita",
    "synonyms": [
      "Blue Margarita"
    ]
  },
  {
    "value": "Blue Mountain",
    "synonyms": [
      "Blue Mountain"
    ]
  },
  {
    "value": "Bluebird",
    "synonyms": [
      "Bluebird"
    ]
  },
  {
    "value": "Bob Marley",
    "synonyms": [
      "Bob Marley"
    ]
  },
  {
    "value": "Bobby Burns Cocktail",
    "synonyms": [
      "Bobby Burns Cocktail"
    ]
  },
  {
    "value": "Bombay Cassis",
    "synonyms": [
      "Bombay Cassis"
    ]
  },
  {
    "value": "Boomerang",
    "synonyms": [
      "Boomerang"
    ]
  },
  {
    "value": "Boozy Snickers Milkshake",
    "synonyms": [
      "Boozy Snickers Milkshake"
    ]
  },
  {
    "value": "Bora Bora",
    "synonyms": [
      "Bora Bora"
    ]
  },
  {
    "value": "Boston Sidecar",
    "synonyms": [
      "Boston Sidecar"
    ]
  },
  {
    "value": "Boston Sour",
    "synonyms": [
      "Boston Sour"
    ]
  },
  {
    "value": "Boulevardier",
    "synonyms": [
      "Boulevardier"
    ]
  },
  {
    "value": "Bourbon Sling",
    "synonyms": [
      "Bourbon Sling"
    ]
  },
  {
    "value": "Bourbon Sour",
    "synonyms": [
      "Bourbon Sour"
    ]
  },
  {
    "value": "Boxcar",
    "synonyms": [
      "Boxcar"
    ]
  },
  {
    "value": "Brain Fart",
    "synonyms": [
      "Brain Fart"
    ]
  },
  {
    "value": "Brainteaser",
    "synonyms": [
      "Brainteaser"
    ]
  },
  {
    "value": "Bramble",
    "synonyms": [
      "Bramble"
    ]
  },
  {
    "value": "Brandon and Will's Coke Float",
    "synonyms": [
      "Brandon and Will's Coke Float"
    ]
  },
  {
    "value": "Brandy Alexander",
    "synonyms": [
      "Brandy Alexander"
    ]
  },
  {
    "value": "Brandy Cobbler",
    "synonyms": [
      "Brandy Cobbler"
    ]
  },
  {
    "value": "Brandy Flip",
    "synonyms": [
      "Brandy Flip"
    ]
  },
  {
    "value": "Brandy Sour",
    "synonyms": [
      "Brandy Sour"
    ]
  },
  {
    "value": "Brave Bull Shooter",
    "synonyms": [
      "Brave Bull Shooter"
    ]
  },
  {
    "value": "Brigadier",
    "synonyms": [
      "Brigadier"
    ]
  },
  {
    "value": "Bruce's Puce",
    "synonyms": [
      "Bruce's Puce"
    ]
  },
  {
    "value": "Bruised Heart",
    "synonyms": [
      "Bruised Heart"
    ]
  },
  {
    "value": "Bubble Gum",
    "synonyms": [
      "Bubble Gum"
    ]
  },
  {
    "value": "Buccaneer",
    "synonyms": [
      "Buccaneer"
    ]
  },
  {
    "value": "Bumble Bee number 1",
    "synonyms": [
      "Bumble Bee number 1"
    ]
  },
  {
    "value": "Butter Baby",
    "synonyms": [
      "Butter Baby"
    ]
  },
  {
    "value": "Cafe Savoy",
    "synonyms": [
      "Cafe Savoy"
    ]
  },
  {
    "value": "Caipirinha",
    "synonyms": [
      "Caipirinha"
    ]
  },
  {
    "value": "Caipirissima",
    "synonyms": [
      "Caipirissima"
    ]
  },
  {
    "value": "California Lemonade",
    "synonyms": [
      "California Lemonade"
    ]
  },
  {
    "value": "California Root Beer",
    "synonyms": [
      "California Root Beer"
    ]
  },
  {
    "value": "Campari Beer",
    "synonyms": [
      "Campari Beer"
    ]
  },
  {
    "value": "Caribbean Boilermaker",
    "synonyms": [
      "Caribbean Boilermaker"
    ]
  },
  {
    "value": "Caribbean Orange Liqueur",
    "synonyms": [
      "Caribbean Orange Liqueur"
    ]
  },
  {
    "value": "Casa Blanca",
    "synonyms": [
      "Casa Blanca"
    ]
  },
  {
    "value": "Casino",
    "synonyms": [
      "Casino"
    ]
  },
  {
    "value": "Casino Royale",
    "synonyms": [
      "Casino Royale"
    ]
  },
  {
    "value": "Castillian Hot Chocolate",
    "synonyms": [
      "Castillian Hot Chocolate"
    ]
  },
  {
    "value": "Champagne Cocktail",
    "synonyms": [
      "Champagne Cocktail"
    ]
  },
  {
    "value": "Cherry Electric Lemonade",
    "synonyms": [
      "Cherry Electric Lemonade"
    ]
  },
  {
    "value": "Cherry Rum",
    "synonyms": [
      "Cherry Rum"
    ]
  },
  {
    "value": "Chicago Fizz",
    "synonyms": [
      "Chicago Fizz"
    ]
  },
  {
    "value": "Chocolate Beverage",
    "synonyms": [
      "Chocolate Beverage"
    ]
  },
  {
    "value": "Chocolate Black Russian",
    "synonyms": [
      "Chocolate Black Russian"
    ]
  },
  {
    "value": "Chocolate Drink",
    "synonyms": [
      "Chocolate Drink"
    ]
  },
  {
    "value": "Chocolate Milk",
    "synonyms": [
      "Chocolate Milk"
    ]
  },
  {
    "value": "Chocolate Monkey",
    "synonyms": [
      "Chocolate Monkey"
    ]
  },
  {
    "value": "Citrus Coke",
    "synonyms": [
      "Citrus Coke"
    ]
  },
  {
    "value": "City Slicker",
    "synonyms": [
      "City Slicker"
    ]
  },
  {
    "value": "Classic Old-Fashioned",
    "synonyms": [
      "Classic Old-Fashioned"
    ]
  },
  {
    "value": "Clove Cocktail",
    "synonyms": [
      "Clove Cocktail"
    ]
  },
  {
    "value": "Clover Club",
    "synonyms": [
      "Clover Club"
    ]
  },
  {
    "value": "Coffee Liqueur",
    "synonyms": [
      "Coffee Liqueur"
    ]
  },
  {
    "value": "Coffee-Vodka",
    "synonyms": [
      "Coffee-Vodka"
    ]
  },
  {
    "value": "Coke and Drops",
    "synonyms": [
      "Coke and Drops"
    ]
  },
  {
    "value": "Corn n Oil",
    "synonyms": [
      "Corn n Oil"
    ]
  },
  {
    "value": "Corpse Reviver 2",
    "synonyms": [
      "Corpse Reviver 2"
    ]
  },
  {
    "value": "Corpse Reviver number 2",
    "synonyms": [
      "Corpse Reviver number 2"
    ]
  },
  {
    "value": "Cosmopolitan",
    "synonyms": [
      "Cosmopolitan"
    ]
  },
  {
    "value": "Cosmopolitan Martini",
    "synonyms": [
      "Cosmopolitan Martini"
    ]
  },
  {
    "value": "Cranberry Cordial",
    "synonyms": [
      "Cranberry Cordial"
    ]
  },
  {
    "value": "Cranberry Punch",
    "synonyms": [
      "Cranberry Punch"
    ]
  },
  {
    "value": "Cream Soda",
    "synonyms": [
      "Cream Soda"
    ]
  },
  {
    "value": "Creme de Menthe",
    "synonyms": [
      "Creme de Menthe"
    ]
  },
  {
    "value": "Cuba Libra",
    "synonyms": [
      "Cuba Libra"
    ]
  },
  {
    "value": "Cuba Libre",
    "synonyms": [
      "Cuba Libre"
    ]
  },
  {
    "value": "Daiquiri",
    "synonyms": [
      "Daiquiri"
    ]
  },
  {
    "value": "Damned if you do",
    "synonyms": [
      "Damned if you do"
    ]
  },
  {
    "value": "Danbooka",
    "synonyms": [
      "Danbooka"
    ]
  },
  {
    "value": "Dark and Stormy",
    "synonyms": [
      "Dark and Stormy"
    ]
  },
  {
    "value": "Dark Caipirinha",
    "synonyms": [
      "Dark Caipirinha"
    ]
  },
  {
    "value": "Darkwood Sling",
    "synonyms": [
      "Darkwood Sling"
    ]
  },
  {
    "value": "Derby",
    "synonyms": [
      "Derby"
    ]
  },
  {
    "value": "Diesel",
    "synonyms": [
      "Diesel"
    ]
  },
  {
    "value": "Dirty Martini",
    "synonyms": [
      "Dirty Martini"
    ]
  },
  {
    "value": "Dirty Nipple",
    "synonyms": [
      "Dirty Nipple"
    ]
  },
  {
    "value": "Downshift",
    "synonyms": [
      "Downshift"
    ]
  },
  {
    "value": "Dragonfly",
    "synonyms": [
      "Dragonfly"
    ]
  },
  {
    "value": "Drinking Chocolate",
    "synonyms": [
      "Drinking Chocolate"
    ]
  },
  {
    "value": "Dry Rob Roy",
    "synonyms": [
      "Dry Rob Roy"
    ]
  },
  {
    "value": "Dubonnet Cocktail",
    "synonyms": [
      "Dubonnet Cocktail"
    ]
  },
  {
    "value": "Duchamp's Punch",
    "synonyms": [
      "Duchamp's Punch"
    ]
  },
  {
    "value": "Egg Cream",
    "synonyms": [
      "Egg Cream"
    ]
  },
  {
    "value": "Egg Nog",
    "synonyms": [
      "Egg Nog"
    ]
  },
  {
    "value": "Egg Nog number 4",
    "synonyms": [
      "Egg Nog number 4"
    ]
  },
  {
    "value": "Empellon Cocina's Fat-Washed Mezcal",
    "synonyms": [
      "Empellon Cocina's Fat-Washed Mezcal"
    ]
  },
  {
    "value": "English Highball",
    "synonyms": [
      "English Highball"
    ]
  },
  {
    "value": "English Rose Cocktail",
    "synonyms": [
      "English Rose Cocktail"
    ]
  },
  {
    "value": "Espresso Martini",
    "synonyms": [
      "Espresso Martini"
    ]
  },
  {
    "value": "Fahrenheit 5000",
    "synonyms": [
      "Fahrenheit 5000"
    ]
  },
  {
    "value": "Flaming Dr. Pepper",
    "synonyms": [
      "Flaming Dr. Pepper"
    ]
  },
  {
    "value": "Flaming Lamborghini",
    "synonyms": [
      "Flaming Lamborghini"
    ]
  },
  {
    "value": "Flander's Flake-Out",
    "synonyms": [
      "Flander's Flake-Out"
    ]
  },
  {
    "value": "Flying Dutchman",
    "synonyms": [
      "Flying Dutchman"
    ]
  },
  {
    "value": "Flying Scotchman",
    "synonyms": [
      "Flying Scotchman"
    ]
  },
  {
    "value": "Foxy Lady",
    "synonyms": [
      "Foxy Lady"
    ]
  },
  {
    "value": "Frappe",
    "synonyms": [
      "Frappe"
    ]
  },
  {
    "value": "Freddy Kruger",
    "synonyms": [
      "Freddy Kruger"
    ]
  },
  {
    "value": "French 75",
    "synonyms": [
      "French 75"
    ]
  },
  {
    "value": "French Connection",
    "synonyms": [
      "French Connection"
    ]
  },
  {
    "value": "French Martini",
    "synonyms": [
      "French Martini"
    ]
  },
  {
    "value": "French Negroni",
    "synonyms": [
      "French Negroni"
    ]
  },
  {
    "value": "Frisco Sour",
    "synonyms": [
      "Frisco Sour"
    ]
  },
  {
    "value": "Frozen Daiquiri",
    "synonyms": [
      "Frozen Daiquiri"
    ]
  },
  {
    "value": "Frozen Mint Daiquiri",
    "synonyms": [
      "Frozen Mint Daiquiri"
    ]
  },
  {
    "value": "Frozen Pineapple Daiquiri",
    "synonyms": [
      "Frozen Pineapple Daiquiri"
    ]
  },
  {
    "value": "Fruit Cooler",
    "synonyms": [
      "Fruit Cooler"
    ]
  },
  {
    "value": "Fruit Flip-Flop",
    "synonyms": [
      "Fruit Flip-Flop"
    ]
  },
  {
    "value": "Fruit Shake",
    "synonyms": [
      "Fruit Shake"
    ]
  },
  {
    "value": "Fuzzy Asshole",
    "synonyms": [
      "Fuzzy Asshole"
    ]
  },
  {
    "value": "Gagliardo",
    "synonyms": [
      "Gagliardo"
    ]
  },
  {
    "value": "Gentleman's Club",
    "synonyms": [
      "Gentleman's Club"
    ]
  },
  {
    "value": "GG",
    "synonyms": [
      "GG"
    ]
  },
  {
    "value": "Gideon's Green Dinosaur",
    "synonyms": [
      "Gideon's Green Dinosaur"
    ]
  },
  {
    "value": "Gimlet",
    "synonyms": [
      "Gimlet"
    ]
  },
  {
    "value": "Gin And Tonic",
    "synonyms": [
      "Gin And Tonic"
    ]
  },
  {
    "value": "Gin Cooler",
    "synonyms": [
      "Gin Cooler"
    ]
  },
  {
    "value": "Gin Daisy",
    "synonyms": [
      "Gin Daisy"
    ]
  },
  {
    "value": "Gin Fizz",
    "synonyms": [
      "Gin Fizz"
    ]
  },
  {
    "value": "Gin Rickey",
    "synonyms": [
      "Gin Rickey"
    ]
  },
  {
    "value": "Gin Sling",
    "synonyms": [
      "Gin Sling"
    ]
  },
  {
    "value": "Gin Smash",
    "synonyms": [
      "Gin Smash"
    ]
  },
  {
    "value": "Gin Sour",
    "synonyms": [
      "Gin Sour"
    ]
  },
  {
    "value": "Gin Squirt",
    "synonyms": [
      "Gin Squirt"
    ]
  },
  {
    "value": "Gin Swizzle",
    "synonyms": [
      "Gin Swizzle"
    ]
  },
  {
    "value": "Gin Toddy",
    "synonyms": [
      "Gin Toddy"
    ]
  },
  {
    "value": "Girl From Ipanema",
    "synonyms": [
      "Girl From Ipanema"
    ]
  },
  {
    "value": "Gluehwein",
    "synonyms": [
      "Gluehwein"
    ]
  },
  {
    "value": "Godchild",
    "synonyms": [
      "Godchild"
    ]
  },
  {
    "value": "Godfather",
    "synonyms": [
      "Godfather"
    ]
  },
  {
    "value": "Godmother",
    "synonyms": [
      "Godmother"
    ]
  },
  {
    "value": "Golden dream",
    "synonyms": [
      "Golden dream"
    ]
  },
  {
    "value": "Grand Blue",
    "synonyms": [
      "Grand Blue"
    ]
  },
  {
    "value": "Grape lemon pineapple Smoothie",
    "synonyms": [
      "Grape lemon pineapple Smoothie"
    ]
  },
  {
    "value": "Grass Skirt",
    "synonyms": [
      "Grass Skirt"
    ]
  },
  {
    "value": "Grasshopper",
    "synonyms": [
      "Grasshopper"
    ]
  },
  {
    "value": "Green Goblin",
    "synonyms": [
      "Green Goblin"
    ]
  },
  {
    "value": "Greyhound",
    "synonyms": [
      "Greyhound"
    ]
  },
  {
    "value": "Grim Reaper",
    "synonyms": [
      "Grim Reaper"
    ]
  },
  {
    "value": "Grizzly Bear",
    "synonyms": [
      "Grizzly Bear"
    ]
  },
  {
    "value": "H.D.",
    "synonyms": [
      "H.D."
    ]
  },
  {
    "value": "Happy Skipper",
    "synonyms": [
      "Happy Skipper"
    ]
  },
  {
    "value": "Harvey Wallbanger",
    "synonyms": [
      "Harvey Wallbanger"
    ]
  },
  {
    "value": "Havana Cocktail",
    "synonyms": [
      "Havana Cocktail"
    ]
  },
  {
    "value": "Hawaiian Cocktail",
    "synonyms": [
      "Hawaiian Cocktail"
    ]
  },
  {
    "value": "Healthy Egg Nog",
    "synonyms": [
      "Healthy Egg Nog"
    ]
  },
  {
    "value": "Hemingway Special",
    "synonyms": [
      "Hemingway Special"
    ]
  },
  {
    "value": "Herbal flame",
    "synonyms": [
      "Herbal flame"
    ]
  },
  {
    "value": "Highland Fling Cocktail",
    "synonyms": [
      "Highland Fling Cocktail"
    ]
  },
  {
    "value": "Holloween Punch",
    "synonyms": [
      "Holloween Punch"
    ]
  },
  {
    "value": "Homemade Kahlua",
    "synonyms": [
      "Homemade Kahlua"
    ]
  },
  {
    "value": "Horse's Neck",
    "synonyms": [
      "Horse's Neck"
    ]
  },
  {
    "value": "Hot Chocolate to Die for",
    "synonyms": [
      "Hot Chocolate to Die for"
    ]
  },
  {
    "value": "Hot Creamy Bush",
    "synonyms": [
      "Hot Creamy Bush"
    ]
  },
  {
    "value": "Hunter's Moon",
    "synonyms": [
      "Hunter's Moon"
    ]
  },
  {
    "value": "Ice Pick 1",
    "synonyms": [
      "Ice Pick 1"
    ]
  },
  {
    "value": "Ice Pick number 1",
    "synonyms": [
      "Ice Pick number 1"
    ]
  },
  {
    "value": "Iced Coffee",
    "synonyms": [
      "Iced Coffee"
    ]
  },
  {
    "value": "Iced Coffee Fillip",
    "synonyms": [
      "Iced Coffee Fillip"
    ]
  },
  {
    "value": "Imperial Cocktail",
    "synonyms": [
      "Imperial Cocktail"
    ]
  },
  {
    "value": "Imperial Fizz",
    "synonyms": [
      "Imperial Fizz"
    ]
  },
  {
    "value": "Ipamena",
    "synonyms": [
      "Ipamena"
    ]
  },
  {
    "value": "Irish Coffee",
    "synonyms": [
      "Irish Coffee"
    ]
  },
  {
    "value": "Irish Cream",
    "synonyms": [
      "Irish Cream"
    ]
  },
  {
    "value": "Irish Curdling Cow",
    "synonyms": [
      "Irish Curdling Cow"
    ]
  },
  {
    "value": "Irish Russian",
    "synonyms": [
      "Irish Russian"
    ]
  },
  {
    "value": "Irish Spring",
    "synonyms": [
      "Irish Spring"
    ]
  },
  {
    "value": "Jack Rose Cocktail",
    "synonyms": [
      "Jack Rose Cocktail"
    ]
  },
  {
    "value": "Jack's Vanilla Coke",
    "synonyms": [
      "Jack's Vanilla Coke"
    ]
  },
  {
    "value": "Jackhammer",
    "synonyms": [
      "Jackhammer"
    ]
  },
  {
    "value": "Jam Donut",
    "synonyms": [
      "Jam Donut"
    ]
  },
  {
    "value": "Jamaica Kiss",
    "synonyms": [
      "Jamaica Kiss"
    ]
  },
  {
    "value": "Jamaican Coffee",
    "synonyms": [
      "Jamaican Coffee"
    ]
  },
  {
    "value": "Japanese Fizz",
    "synonyms": [
      "Japanese Fizz"
    ]
  },
  {
    "value": "Jello shots",
    "synonyms": [
      "Jello shots"
    ]
  },
  {
    "value": "Jelly Bean",
    "synonyms": [
      "Jelly Bean"
    ]
  },
  {
    "value": "Jewel Of The Nile",
    "synonyms": [
      "Jewel Of The Nile"
    ]
  },
  {
    "value": "Jitterbug",
    "synonyms": [
      "Jitterbug"
    ]
  },
  {
    "value": "John Collins",
    "synonyms": [
      "John Collins"
    ]
  },
  {
    "value": "Just a Moonmint",
    "synonyms": [
      "Just a Moonmint"
    ]
  },
  {
    "value": "Kamikaze",
    "synonyms": [
      "Kamikaze"
    ]
  },
  {
    "value": "Karsk",
    "synonyms": [
      "Karsk"
    ]
  },
  {
    "value": "Kentucky B And B",
    "synonyms": [
      "Kentucky B And B"
    ]
  },
  {
    "value": "Kentucky Colonel",
    "synonyms": [
      "Kentucky Colonel"
    ]
  },
  {
    "value": "Kill the cold Smoothie",
    "synonyms": [
      "Kill the cold Smoothie"
    ]
  },
  {
    "value": "Kioki Coffee",
    "synonyms": [
      "Kioki Coffee"
    ]
  },
  {
    "value": "Kir",
    "synonyms": [
      "Kir"
    ]
  },
  {
    "value": "Kir Royale",
    "synonyms": [
      "Kir Royale"
    ]
  },
  {
    "value": "Kiss me Quick",
    "synonyms": [
      "Kiss me Quick"
    ]
  },
  {
    "value": "Kiwi Lemon",
    "synonyms": [
      "Kiwi Lemon"
    ]
  },
  {
    "value": "Kiwi Papaya Smoothie",
    "synonyms": [
      "Kiwi Papaya Smoothie"
    ]
  },
  {
    "value": "Kool First Aid",
    "synonyms": [
      "Kool First Aid"
    ]
  },
  {
    "value": "Kool-Aid Shot",
    "synonyms": [
      "Kool-Aid Shot"
    ]
  },
  {
    "value": "Kool-Aid Slammer",
    "synonyms": [
      "Kool-Aid Slammer"
    ]
  },
  {
    "value": "Kurant Tea",
    "synonyms": [
      "Kurant Tea"
    ]
  },
  {
    "value": "Lady Love Fizz",
    "synonyms": [
      "Lady Love Fizz"
    ]
  },
  {
    "value": "Lassi - A South Indian Drink",
    "synonyms": [
      "Lassi - A South Indian Drink"
    ]
  },
  {
    "value": "Lassi - Mango",
    "synonyms": [
      "Lassi - Mango"
    ]
  },
  {
    "value": "Lassi - Sweet",
    "synonyms": [
      "Lassi - Sweet"
    ]
  },
  {
    "value": "Lassi Khara",
    "synonyms": [
      "Lassi Khara"
    ]
  },
  {
    "value": "Lassi Raita",
    "synonyms": [
      "Lassi Raita"
    ]
  },
  {
    "value": "Lemon Drop",
    "synonyms": [
      "Lemon Drop"
    ]
  },
  {
    "value": "Lemon Shot",
    "synonyms": [
      "Lemon Shot"
    ]
  },
  {
    "value": "Lemouroudji",
    "synonyms": [
      "Lemouroudji"
    ]
  },
  {
    "value": "Limeade",
    "synonyms": [
      "Limeade"
    ]
  },
  {
    "value": "Limona Corona",
    "synonyms": [
      "Limona Corona"
    ]
  },
  {
    "value": "Loch Lomond",
    "synonyms": [
      "Loch Lomond"
    ]
  },
  {
    "value": "London Town",
    "synonyms": [
      "London Town"
    ]
  },
  {
    "value": "Lone Tree Cocktail",
    "synonyms": [
      "Lone Tree Cocktail"
    ]
  },
  {
    "value": "Lone Tree Cooler",
    "synonyms": [
      "Lone Tree Cooler"
    ]
  },
  {
    "value": "Long Island Iced Tea",
    "synonyms": [
      "Long Island Iced Tea"
    ]
  },
  {
    "value": "Long Island Tea",
    "synonyms": [
      "Long Island Tea"
    ]
  },
  {
    "value": "Long vodka",
    "synonyms": [
      "Long vodka"
    ]
  },
  {
    "value": "Lord And Lady",
    "synonyms": [
      "Lord And Lady"
    ]
  },
  {
    "value": "Lunch Box",
    "synonyms": [
      "Lunch Box"
    ]
  },
  {
    "value": "Mai Tai",
    "synonyms": [
      "Mai Tai"
    ]
  },
  {
    "value": "Malibu Twister",
    "synonyms": [
      "Malibu Twister"
    ]
  },
  {
    "value": "Mango Orange Smoothie",
    "synonyms": [
      "Mango Orange Smoothie"
    ]
  },
  {
    "value": "Manhattan",
    "synonyms": [
      "Manhattan"
    ]
  },
  {
    "value": "Margarita",
    "synonyms": [
      "Margarita"
    ]
  },
  {
    "value": "Martinez 2",
    "synonyms": [
      "Martinez 2"
    ]
  },
  {
    "value": "Martinez Cocktail",
    "synonyms": [
      "Martinez Cocktail"
    ]
  },
  {
    "value": "Martini",
    "synonyms": [
      "Martini"
    ]
  },
  {
    "value": "Mary Pickford",
    "synonyms": [
      "Mary Pickford"
    ]
  },
  {
    "value": "Masala Chai",
    "synonyms": [
      "Masala Chai"
    ]
  },
  {
    "value": "Melya",
    "synonyms": [
      "Melya"
    ]
  },
  {
    "value": "Miami Vice",
    "synonyms": [
      "Miami Vice"
    ]
  },
  {
    "value": "Microwave Hot Cocoa",
    "synonyms": [
      "Microwave Hot Cocoa"
    ]
  },
  {
    "value": "Midnight Cowboy",
    "synonyms": [
      "Midnight Cowboy"
    ]
  },
  {
    "value": "Midnight Manx",
    "synonyms": [
      "Midnight Manx"
    ]
  },
  {
    "value": "Midnight Mint",
    "synonyms": [
      "Midnight Mint"
    ]
  },
  {
    "value": "Mimosa",
    "synonyms": [
      "Mimosa"
    ]
  },
  {
    "value": "Mint Julep",
    "synonyms": [
      "Mint Julep"
    ]
  },
  {
    "value": "Mississippi Planters Punch",
    "synonyms": [
      "Mississippi Planters Punch"
    ]
  },
  {
    "value": "Mocha-Berry",
    "synonyms": [
      "Mocha-Berry"
    ]
  },
  {
    "value": "Mojito",
    "synonyms": [
      "Mojito"
    ]
  },
  {
    "value": "Mojito 3",
    "synonyms": [
      "Mojito 3"
    ]
  },
  {
    "value": "Mojito number 3",
    "synonyms": [
      "Mojito number 3"
    ]
  },
  {
    "value": "Monkey Gland",
    "synonyms": [
      "Monkey Gland"
    ]
  },
  {
    "value": "Monkey Wrench",
    "synonyms": [
      "Monkey Wrench"
    ]
  },
  {
    "value": "Moranguito",
    "synonyms": [
      "Moranguito"
    ]
  },
  {
    "value": "Moscow Mule",
    "synonyms": [
      "Moscow Mule"
    ]
  },
  {
    "value": "Mother's Milk",
    "synonyms": [
      "Mother's Milk"
    ]
  },
  {
    "value": "Mudslinger",
    "synonyms": [
      "Mudslinger"
    ]
  },
  {
    "value": "Mulled Wine",
    "synonyms": [
      "Mulled Wine"
    ]
  },
  {
    "value": "National Aquarium",
    "synonyms": [
      "National Aquarium"
    ]
  },
  {
    "value": "Negroni",
    "synonyms": [
      "Negroni"
    ]
  },
  {
    "value": "New York Lemonade",
    "synonyms": [
      "New York Lemonade"
    ]
  },
  {
    "value": "New York Sour",
    "synonyms": [
      "New York Sour"
    ]
  },
  {
    "value": "Nuked Hot Chocolate",
    "synonyms": [
      "Nuked Hot Chocolate"
    ]
  },
  {
    "value": "Nutty Irishman",
    "synonyms": [
      "Nutty Irishman"
    ]
  },
  {
    "value": "Oatmeal Cookie",
    "synonyms": [
      "Oatmeal Cookie"
    ]
  },
  {
    "value": "Old Fashioned",
    "synonyms": [
      "Old Fashioned"
    ]
  },
  {
    "value": "Old Pal",
    "synonyms": [
      "Old Pal"
    ]
  },
  {
    "value": "Orange Crush",
    "synonyms": [
      "Orange Crush"
    ]
  },
  {
    "value": "Orange Oasis",
    "synonyms": [
      "Orange Oasis"
    ]
  },
  {
    "value": "Orange Push-up",
    "synonyms": [
      "Orange Push-up"
    ]
  },
  {
    "value": "Orange Scented Hot Chocolate",
    "synonyms": [
      "Orange Scented Hot Chocolate"
    ]
  },
  {
    "value": "Orange Whip",
    "synonyms": [
      "Orange Whip"
    ]
  },
  {
    "value": "Orangeade",
    "synonyms": [
      "Orangeade"
    ]
  },
  {
    "value": "Oreo Mudslide",
    "synonyms": [
      "Oreo Mudslide"
    ]
  },
  {
    "value": "Orgasm",
    "synonyms": [
      "Orgasm"
    ]
  },
  {
    "value": "Owen's Grandmother's Revenge",
    "synonyms": [
      "Owen's Grandmother's Revenge"
    ]
  },
  {
    "value": "Paloma",
    "synonyms": [
      "Paloma"
    ]
  },
  {
    "value": "Paradise",
    "synonyms": [
      "Paradise"
    ]
  },
  {
    "value": "Pegu Club",
    "synonyms": [
      "Pegu Club"
    ]
  },
  {
    "value": "Penicillin",
    "synonyms": [
      "Penicillin"
    ]
  },
  {
    "value": "Pina Colada",
    "synonyms": [
      "Pina Colada"
    ]
  },
  {
    "value": "Pineapple Gingerale Smoothie",
    "synonyms": [
      "Pineapple Gingerale Smoothie"
    ]
  },
  {
    "value": "Pink Gin",
    "synonyms": [
      "Pink Gin"
    ]
  },
  {
    "value": "Pink Lady",
    "synonyms": [
      "Pink Lady"
    ]
  },
  {
    "value": "Pink Panty Pulldowns",
    "synonyms": [
      "Pink Panty Pulldowns"
    ]
  },
  {
    "value": "Pink Penocha",
    "synonyms": [
      "Pink Penocha"
    ]
  },
  {
    "value": "Pisco Sour",
    "synonyms": [
      "Pisco Sour"
    ]
  },
  {
    "value": "Planter's Punch",
    "synonyms": [
      "Planter's Punch"
    ]
  },
  {
    "value": "Popped cherry",
    "synonyms": [
      "Popped cherry"
    ]
  },
  {
    "value": "Poppy Cocktail",
    "synonyms": [
      "Poppy Cocktail"
    ]
  },
  {
    "value": "Port And Starboard",
    "synonyms": [
      "Port And Starboard"
    ]
  },
  {
    "value": "Port Wine Cocktail",
    "synonyms": [
      "Port Wine Cocktail"
    ]
  },
  {
    "value": "Port Wine Flip",
    "synonyms": [
      "Port Wine Flip"
    ]
  },
  {
    "value": "Porto flip",
    "synonyms": [
      "Porto flip"
    ]
  },
  {
    "value": "Pysch Vitamin Light",
    "synonyms": [
      "Pysch Vitamin Light"
    ]
  },
  {
    "value": "Quaker's Cocktail",
    "synonyms": [
      "Quaker's Cocktail"
    ]
  },
  {
    "value": "Quarter Deck Cocktail",
    "synonyms": [
      "Quarter Deck Cocktail"
    ]
  },
  {
    "value": "Queen Bee",
    "synonyms": [
      "Queen Bee"
    ]
  },
  {
    "value": "Queen Charlotte",
    "synonyms": [
      "Queen Charlotte"
    ]
  },
  {
    "value": "Queen Elizabeth",
    "synonyms": [
      "Queen Elizabeth"
    ]
  },
  {
    "value": "Quentin",
    "synonyms": [
      "Quentin"
    ]
  },
  {
    "value": "Quick Fuck",
    "synonyms": [
      "Quick Fuck"
    ]
  },
  {
    "value": "Quick-sand",
    "synonyms": [
      "Quick-sand"
    ]
  },
  {
    "value": "Radioactive Long Island Iced Tea",
    "synonyms": [
      "Radioactive Long Island Iced Tea"
    ]
  },
  {
    "value": "Radler",
    "synonyms": [
      "Radler"
    ]
  },
  {
    "value": "Rail Splitter",
    "synonyms": [
      "Rail Splitter"
    ]
  },
  {
    "value": "Raspberry Cooler",
    "synonyms": [
      "Raspberry Cooler"
    ]
  },
  {
    "value": "Red Snapper",
    "synonyms": [
      "Red Snapper"
    ]
  },
  {
    "value": "Rose",
    "synonyms": [
      "Rose"
    ]
  },
  {
    "value": "Rosemary Blue",
    "synonyms": [
      "Rosemary Blue"
    ]
  },
  {
    "value": "Royal Bitch",
    "synonyms": [
      "Royal Bitch"
    ]
  },
  {
    "value": "Royal Fizz",
    "synonyms": [
      "Royal Fizz"
    ]
  },
  {
    "value": "Royal Flush",
    "synonyms": [
      "Royal Flush"
    ]
  },
  {
    "value": "Royal Gin Fizz",
    "synonyms": [
      "Royal Gin Fizz"
    ]
  },
  {
    "value": "Ruby Tuesday",
    "synonyms": [
      "Ruby Tuesday"
    ]
  },
  {
    "value": "Rum Cobbler",
    "synonyms": [
      "Rum Cobbler"
    ]
  },
  {
    "value": "Rum Cooler",
    "synonyms": [
      "Rum Cooler"
    ]
  },
  {
    "value": "Rum Milk Punch",
    "synonyms": [
      "Rum Milk Punch"
    ]
  },
  {
    "value": "Rum Old-fashioned",
    "synonyms": [
      "Rum Old-fashioned"
    ]
  },
  {
    "value": "Rum Punch",
    "synonyms": [
      "Rum Punch"
    ]
  },
  {
    "value": "Rum Runner",
    "synonyms": [
      "Rum Runner"
    ]
  },
  {
    "value": "Rum Screwdriver",
    "synonyms": [
      "Rum Screwdriver"
    ]
  },
  {
    "value": "Rum Sour",
    "synonyms": [
      "Rum Sour"
    ]
  },
  {
    "value": "Rum Toddy",
    "synonyms": [
      "Rum Toddy"
    ]
  },
  {
    "value": "Russian Spring Punch",
    "synonyms": [
      "Russian Spring Punch"
    ]
  },
  {
    "value": "Rusty Nail",
    "synonyms": [
      "Rusty Nail"
    ]
  },
  {
    "value": "Salted Toffee Martini",
    "synonyms": [
      "Salted Toffee Martini"
    ]
  },
  {
    "value": "Salty Dog",
    "synonyms": [
      "Salty Dog"
    ]
  },
  {
    "value": "San Francisco",
    "synonyms": [
      "San Francisco"
    ]
  },
  {
    "value": "Sangria - The World's Best",
    "synonyms": [
      "Sangria - The World's Best"
    ]
  },
  {
    "value": "Sangria number 1",
    "synonyms": [
      "Sangria number 1"
    ]
  },
  {
    "value": "Sazerac",
    "synonyms": [
      "Sazerac"
    ]
  },
  {
    "value": "Scooter",
    "synonyms": [
      "Scooter"
    ]
  },
  {
    "value": "Scotch Cobbler",
    "synonyms": [
      "Scotch Cobbler"
    ]
  },
  {
    "value": "Scotch Sour",
    "synonyms": [
      "Scotch Sour"
    ]
  },
  {
    "value": "Scottish Highland Liqueur",
    "synonyms": [
      "Scottish Highland Liqueur"
    ]
  },
  {
    "value": "Screaming Orgasm",
    "synonyms": [
      "Screaming Orgasm"
    ]
  },
  {
    "value": "Screwdriver",
    "synonyms": [
      "Screwdriver"
    ]
  },
  {
    "value": "Sea breeze",
    "synonyms": [
      "Sea breeze"
    ]
  },
  {
    "value": "Sex on the Beach",
    "synonyms": [
      "Sex on the Beach"
    ]
  },
  {
    "value": "Shanghai Cocktail",
    "synonyms": [
      "Shanghai Cocktail"
    ]
  },
  {
    "value": "Shark Attack",
    "synonyms": [
      "Shark Attack"
    ]
  },
  {
    "value": "Sherry Eggnog",
    "synonyms": [
      "Sherry Eggnog"
    ]
  },
  {
    "value": "Sherry Flip",
    "synonyms": [
      "Sherry Flip"
    ]
  },
  {
    "value": "Shotgun",
    "synonyms": [
      "Shotgun"
    ]
  },
  {
    "value": "Sidecar",
    "synonyms": [
      "Sidecar"
    ]
  },
  {
    "value": "Sidecar Cocktail",
    "synonyms": [
      "Sidecar Cocktail"
    ]
  },
  {
    "value": "Singapore Sling",
    "synonyms": [
      "Singapore Sling"
    ]
  },
  {
    "value": "Sloe Gin Cocktail",
    "synonyms": [
      "Sloe Gin Cocktail"
    ]
  },
  {
    "value": "Smut",
    "synonyms": [
      "Smut"
    ]
  },
  {
    "value": "Snake Bite",
    "synonyms": [
      "Snake Bite"
    ]
  },
  {
    "value": "Snakebite and Black",
    "synonyms": [
      "Snakebite and Black"
    ]
  },
  {
    "value": "Snowball",
    "synonyms": [
      "Snowball"
    ]
  },
  {
    "value": "Sol Y Sombra",
    "synonyms": [
      "Sol Y Sombra"
    ]
  },
  {
    "value": "Space Odyssey",
    "synonyms": [
      "Space Odyssey"
    ]
  },
  {
    "value": "Spanish chocolate",
    "synonyms": [
      "Spanish chocolate"
    ]
  },
  {
    "value": "Spiced Peach Punch",
    "synonyms": [
      "Spiced Peach Punch"
    ]
  },
  {
    "value": "Spiking coffee",
    "synonyms": [
      "Spiking coffee"
    ]
  },
  {
    "value": "Spritz",
    "synonyms": [
      "Spritz"
    ]
  },
  {
    "value": "Stinger",
    "synonyms": [
      "Stinger"
    ]
  },
  {
    "value": "Stone Sour",
    "synonyms": [
      "Stone Sour"
    ]
  },
  {
    "value": "Strawberry Daiquiri",
    "synonyms": [
      "Strawberry Daiquiri"
    ]
  },
  {
    "value": "Strawberry Lemonade",
    "synonyms": [
      "Strawberry Lemonade"
    ]
  },
  {
    "value": "Strawberry Margarita",
    "synonyms": [
      "Strawberry Margarita"
    ]
  },
  {
    "value": "Strawberry Shivers",
    "synonyms": [
      "Strawberry Shivers"
    ]
  },
  {
    "value": "Sunny Holiday Punch",
    "synonyms": [
      "Sunny Holiday Punch"
    ]
  },
  {
    "value": "Surf City Lifesaver",
    "synonyms": [
      "Surf City Lifesaver"
    ]
  },
  {
    "value": "Swedish Coffee",
    "synonyms": [
      "Swedish Coffee"
    ]
  },
  {
    "value": "Sweet Bananas",
    "synonyms": [
      "Sweet Bananas"
    ]
  },
  {
    "value": "Sweet Sangria",
    "synonyms": [
      "Sweet Sangria"
    ]
  },
  {
    "value": "Sweet Tooth",
    "synonyms": [
      "Sweet Tooth"
    ]
  },
  {
    "value": "Talos Coffee",
    "synonyms": [
      "Talos Coffee"
    ]
  },
  {
    "value": "Tennesee Mud",
    "synonyms": [
      "Tennesee Mud"
    ]
  },
  {
    "value": "Tequila Fizz",
    "synonyms": [
      "Tequila Fizz"
    ]
  },
  {
    "value": "Tequila Sour",
    "synonyms": [
      "Tequila Sour"
    ]
  },
  {
    "value": "Tequila Sunrise",
    "synonyms": [
      "Tequila Sunrise"
    ]
  },
  {
    "value": "Tequila Surprise",
    "synonyms": [
      "Tequila Surprise"
    ]
  },
  {
    "value": "Texas Rattlesnake",
    "synonyms": [
      "Texas Rattlesnake"
    ]
  },
  {
    "value": "Texas Sling",
    "synonyms": [
      "Texas Sling"
    ]
  },
  {
    "value": "Thai Coffee",
    "synonyms": [
      "Thai Coffee"
    ]
  },
  {
    "value": "Thai Iced Coffee",
    "synonyms": [
      "Thai Iced Coffee"
    ]
  },
  {
    "value": "Thai Iced Tea",
    "synonyms": [
      "Thai Iced Tea"
    ]
  },
  {
    "value": "The Evil Blue Thing",
    "synonyms": [
      "The Evil Blue Thing"
    ]
  },
  {
    "value": "The Jimmy Conway",
    "synonyms": [
      "The Jimmy Conway"
    ]
  },
  {
    "value": "The Last Word",
    "synonyms": [
      "The Last Word"
    ]
  },
  {
    "value": "The Laverstoke",
    "synonyms": [
      "The Laverstoke"
    ]
  },
  {
    "value": "Thriller",
    "synonyms": [
      "Thriller"
    ]
  },
  {
    "value": "Tia Maria",
    "synonyms": [
      "Tia Maria"
    ]
  },
  {
    "value": "Tipperary",
    "synonyms": [
      "Tipperary"
    ]
  },
  {
    "value": "Tom Collins",
    "synonyms": [
      "Tom Collins"
    ]
  },
  {
    "value": "Tomato Tang",
    "synonyms": [
      "Tomato Tang"
    ]
  },
  {
    "value": "Tommy's Margarita",
    "synonyms": [
      "Tommy's Margarita"
    ]
  },
  {
    "value": "Turf Cocktail",
    "synonyms": [
      "Turf Cocktail"
    ]
  },
  {
    "value": "Turkeyball",
    "synonyms": [
      "Turkeyball"
    ]
  },
  {
    "value": "Tuxedo Cocktail",
    "synonyms": [
      "Tuxedo Cocktail"
    ]
  },
  {
    "value": "Valencia Cocktail",
    "synonyms": [
      "Valencia Cocktail"
    ]
  },
  {
    "value": "Vampiro",
    "synonyms": [
      "Vampiro"
    ]
  },
  {
    "value": "Van Vleet",
    "synonyms": [
      "Van Vleet"
    ]
  },
  {
    "value": "Vermouth Cassis",
    "synonyms": [
      "Vermouth Cassis"
    ]
  },
  {
    "value": "Vesper",
    "synonyms": [
      "Vesper"
    ]
  },
  {
    "value": "Vesuvio",
    "synonyms": [
      "Vesuvio"
    ]
  },
  {
    "value": "Veteran",
    "synonyms": [
      "Veteran"
    ]
  },
  {
    "value": "Victor",
    "synonyms": [
      "Victor"
    ]
  },
  {
    "value": "Victory Collins",
    "synonyms": [
      "Victory Collins"
    ]
  },
  {
    "value": "Vodka And Tonic",
    "synonyms": [
      "Vodka And Tonic"
    ]
  },
  {
    "value": "Vodka Fizz",
    "synonyms": [
      "Vodka Fizz"
    ]
  },
  {
    "value": "Vodka Martini",
    "synonyms": [
      "Vodka Martini"
    ]
  },
  {
    "value": "Vodka Russian",
    "synonyms": [
      "Vodka Russian"
    ]
  },
  {
    "value": "Waikiki Beachcomber",
    "synonyms": [
      "Waikiki Beachcomber"
    ]
  },
  {
    "value": "Whiskey Sour",
    "synonyms": [
      "Whiskey Sour"
    ]
  },
  {
    "value": "Whisky Mac",
    "synonyms": [
      "Whisky Mac"
    ]
  },
  {
    "value": "White Lady",
    "synonyms": [
      "White Lady"
    ]
  },
  {
    "value": "White Russian",
    "synonyms": [
      "White Russian"
    ]
  },
  {
    "value": "Whitecap Margarita",
    "synonyms": [
      "Whitecap Margarita"
    ]
  },
  {
    "value": "Wine Cooler",
    "synonyms": [
      "Wine Cooler"
    ]
  },
  {
    "value": "Wine Punch",
    "synonyms": [
      "Wine Punch"
    ]
  },
  {
    "value": "Yellow Bird",
    "synonyms": [
      "Yellow Bird"
    ]
  },
  {
    "value": "Yoghurt Cooler",
    "synonyms": [
      "Yoghurt Cooler"
    ]
  },
  {
    "value": "Zambeer",
    "synonyms": [
      "Zambeer"
    ]
  },
  {
    "value": "Zenmeister",
    "synonyms": [
      "Zenmeister"
    ]
  },
  {
    "value": "Ziemes Martini Apfelsaft",
    "synonyms": [
      "Ziemes Martini Apfelsaft"
    ]
  },
  {
    "value": "Zima Blaster",
    "synonyms": [
      "Zima Blaster"
    ]
  },
  {
    "value": "Zimadori Zinger",
    "synonyms": [
      "Zimadori Zinger"
    ]
  },
  {
    "value": "Zinger",
    "synonyms": [
      "Zinger"
    ]
  },
  {
    "value": "Zipperhead",
    "synonyms": [
      "Zipperhead"
    ]
  },
  {
    "value": "Zippy's Revenge",
    "synonyms": [
      "Zippy's Revenge"
    ]
  },
  {
    "value": "Zizi Coin-coin",
    "synonyms": [
      "Zizi Coin-coin"
    ]
  },
  {
    "value": "Zoksel",
    "synonyms": [
      "Zoksel"
    ]
  },
  {
    "value": "Zombie",
    "synonyms": [
      "Zombie"
    ]
  },
  {
    "value": "Zorbatini",
    "synonyms": [
      "Zorbatini"
    ]
  },
  {
    "value": "Zorro",
    "synonyms": [
      "Zorro"
    ]
  }
]